{
  "platform": {
    "system": "Linux",
    "release": "6.10.14-linuxkit",
    "machine": "aarch64",
    "processor": "N/A"
  },
  "scenarios": {
    "cold_start": {
      "description": "First decode (cold start)",
      "librosa_ms": 5971.85091895517,
      "audiodecode_ms": 26.734667015261948,
      "speedup": 223.37480079875448,
      "winner": "AudioDecode"
    },
    "warm_different_files": {
      "description": "Processing 100 different files (warm)",
      "num_files": 20,
      "librosa_total_s": 0.010627834009937942,
      "audiodecode_total_s": 0.001637499954085797,
      "librosa_per_file_ms": 0.5313917004968971,
      "audiodecode_per_file_ms": 0.08187499770428985,
      "speedup": 6.490280493394808,
      "winner": "AudioDecode"
    },
    "cached_same_file": {
      "description": "Repeated decode of same file (100x)",
      "iterations": 100,
      "librosa_per_decode_ms": 0.2512062498135492,
      "audiodecode_cached_ms": 0.008445839630439878,
      "audiodecode_nocache_ms": 0.5666745797498152,
      "speedup_vs_librosa_cached": 29.743194377995295,
      "speedup_vs_librosa_nocache": 0.4432989563859665,
      "cache_benefit": 67.09511481930679,
      "winner": "AudioDecode (cached)"
    },
    "mixed_formats": {
      "description": "Mixed format batch processing",
      "num_files": 100,
      "format_distribution": {
        ".mp3": 25,
        ".wav": 50,
        ".flac": 25
      },
      "librosa_total_s": 0.03712575003737584,
      "audiodecode_total_s": 0.002416082948911935,
      "librosa_per_file_ms": 0.3712575003737584,
      "audiodecode_per_file_ms": 0.02416082948911935,
      "speedup": 15.366090826515348,
      "winner": "AudioDecode"
    }
  }
}