{
  "platform": {
    "system": "Darwin",
    "release": "25.0.0",
    "machine": "arm64",
    "processor": "arm"
  },
  "scenarios": {
    "cold_start": {
      "description": "First decode (cold start)",
      "librosa_ms": 1412.3447500169277,
      "audiodecode_ms": 217.21537492703646,
      "speedup": 6.502047796991074,
      "winner": "AudioDecode"
    },
    "warm_different_files": {
      "description": "Processing 100 different files (warm)",
      "num_files": 20,
      "librosa_total_s": 0.004939167061820626,
      "audiodecode_total_s": 0.0011471660109236836,
      "librosa_per_file_ms": 0.2469583530910313,
      "audiodecode_per_file_ms": 0.05735830054618418,
      "speedup": 4.30553818260678,
      "winner": "AudioDecode"
    },
    "cached_same_file": {
      "description": "Repeated decode of same file (100x)",
      "iterations": 100,
      "librosa_per_decode_ms": 0.14755207928828895,
      "audiodecode_cached_ms": 0.00834957929328084,
      "audiodecode_nocache_ms": 0.3956120798829943,
      "speedup_vs_librosa_cached": 17.671798075745993,
      "speedup_vs_librosa_nocache": 0.37297162243359394,
      "cache_benefit": 47.38107945167433,
      "winner": "AudioDecode (cached)"
    },
    "mixed_formats": {
      "description": "Mixed format batch processing",
      "num_files": 100,
      "format_distribution": {
        ".mp3": 25,
        ".wav": 50,
        ".flac": 25
      },
      "librosa_total_s": 0.016663665999658406,
      "audiodecode_total_s": 0.0017684160266071558,
      "librosa_per_file_ms": 0.16663665999658406,
      "audiodecode_per_file_ms": 0.017684160266071558,
      "speedup": 9.422933149745848,
      "winner": "AudioDecode"
    },
    "batch_processing": {
      "description": "Parallel batch decode with Rust",
      "num_files": 100,
      "serial_total_s": 0.04031812492758036,
      "parallel_2_total_s": 0.011535000056028366,
      "parallel_4_total_s": 0.011779290973208845,
      "parallel_8_total_s": 0.010475874994881451,
      "speedup_2_workers": 3.495286062570021,
      "speedup_4_workers": 3.422797265071476,
      "speedup_8_workers": 3.8486641876960093,
      "best_speedup": 3.8486641876960093
    }
  }
}